1,./openface/aligned-images/kjh/2018-08-25-172849.png
1,./openface/aligned-images/kjh/2018-08-25-172927.png
1,./openface/aligned-images/kjh/2018-08-25-172920.png
1,./openface/aligned-images/kjh/2018-08-25-172829.png
1,./openface/aligned-images/kjh/2018-08-25-172848.png
1,./openface/aligned-images/kjh/2018-08-25-172914.png
1,./openface/aligned-images/kjh/2018-08-25-172906.png
1,./openface/aligned-images/kjh/2018-08-25-172816.png
2,./openface/aligned-images/rdj/07.png
2,./openface/aligned-images/rdj/06.png
2,./openface/aligned-images/rdj/05.png
2,./openface/aligned-images/rdj/03.png
2,./openface/aligned-images/rdj/08.png
2,./openface/aligned-images/rdj/02.png
2,./openface/aligned-images/rdj/01.png
2,./openface/aligned-images/rdj/04.png
